-- phpMyAdmin SQL Dump
-- version 5.1.0
-- https://www.phpmyadmin.net/
--
-- Hôte : 127.0.0.1
-- Généré le : ven. 28 mai 2021 à 13:31
-- Version du serveur :  10.4.19-MariaDB
-- Version de PHP : 7.4.19

SET SQL_MODE = "NO_AUTO_VALUE_ON_ZERO";
START TRANSACTION;
SET time_zone = "+00:00";


/*!40101 SET @OLD_CHARACTER_SET_CLIENT=@@CHARACTER_SET_CLIENT */;
/*!40101 SET @OLD_CHARACTER_SET_RESULTS=@@CHARACTER_SET_RESULTS */;
/*!40101 SET @OLD_COLLATION_CONNECTION=@@COLLATION_CONNECTION */;
/*!40101 SET NAMES utf8mb4 */;

--
-- Base de données : `hub`
--

-- --------------------------------------------------------

--
-- Structure de la table `notification`
--

CREATE TABLE `notification` (
  `id` int(11) NOT NULL,
  `message` varchar(800) DEFAULT NULL,
  `url` varchar(800) DEFAULT NULL,
  `id_user` int(11) DEFAULT NULL,
  `created_at` datetime DEFAULT current_timestamp(),
  `icone` varchar(300) DEFAULT NULL,
  `titre` varchar(300) DEFAULT NULL
) ENGINE=InnoDB DEFAULT CHARSET=latin1;

--
-- Déchargement des données de la table `notification`
--

INSERT INTO `notification` (`id`, `message`, `url`, `id_user`, `created_at`, `icone`, `titre`) VALUES
(25, 'yuma kayanda Vient de rejoindre la plateforme ', 'admin/users', 8, '2021-04-12 13:29:13', 'fa fa-user', 'Nouvelle inscription'),
(27, 'kasumba kipundula Vient de rejoindre la plateforme ', 'admin/users', 7, '2021-04-12 13:30:58', 'fa fa-user', 'Nouvelle inscription'),
(28, 'kasumba kipundula Vient de rejoindre la plateforme ', 'admin/users', 8, '2021-04-12 13:30:58', 'fa fa-user', 'Nouvelle inscription'),
(29, 'kasumba kipundula Vient de rejoindre la plateforme ', 'admin/users', 9, '2021-04-12 13:30:58', 'fa fa-user', 'Nouvelle inscription'),
(30, 'mikah kalume Vient de rejoindre la plateforme ', 'admin/users', 7, '2021-04-12 13:33:19', 'fa fa-user', 'Nouvelle inscription'),
(31, 'mikah kalume Vient de rejoindre la plateforme ', 'admin/users', 8, '2021-04-12 13:33:19', 'fa fa-user', 'Nouvelle inscription');

-- --------------------------------------------------------

--
-- Structure de la table `online`
--

CREATE TABLE `online` (
  `id` int(11) NOT NULL,
  `id_user` int(11) DEFAULT NULL,
  `created_at` datetime DEFAULT current_timestamp()
) ENGINE=InnoDB DEFAULT CHARSET=latin1;

-- --------------------------------------------------------

--
-- Structure de la table `paiement`
--

CREATE TABLE `paiement` (
  `idp` int(11) NOT NULL,
  `idpersonne` int(11) DEFAULT NULL,
  `date_paie` date DEFAULT NULL,
  `montant` float DEFAULT NULL,
  `motif` text DEFAULT NULL,
  `token` varchar(300) DEFAULT NULL,
  `created_at` datetime DEFAULT current_timestamp(),
  `codeFacture` varchar(300) DEFAULT NULL,
  `etat_paiement` int(11) DEFAULT 0
) ENGINE=InnoDB DEFAULT CHARSET=latin1;

-- --------------------------------------------------------

--
-- Doublure de structure pour la vue `profile_paiement`
-- (Voir ci-dessous la vue réelle)
--
CREATE TABLE `profile_paiement` (
`idp` int(11)
,`idpersonne` int(11)
,`date_paie` date
,`montant` float
,`motif` text
,`token` varchar(300)
,`created_at` datetime
,`codeFacture` varchar(300)
,`etat_paiement` int(11)
,`first_name` varchar(300)
,`last_name` varchar(300)
,`email` varchar(300)
,`telephone` varchar(300)
,`image` varchar(300)
,`id` int(11)
);

-- --------------------------------------------------------

--
-- Structure de la table `role`
--

CREATE TABLE `role` (
  `idrole` int(11) NOT NULL,
  `nom` varchar(300) DEFAULT NULL,
  `created_at` datetime DEFAULT current_timestamp()
) ENGINE=InnoDB DEFAULT CHARSET=latin1;

--
-- Déchargement des données de la table `role`
--

INSERT INTO `role` (`idrole`, `nom`, `created_at`) VALUES
(1, 'admin', '2021-04-12 16:10:38'),
(2, 'user', '2021-04-12 16:12:38'),
(3, 'boutiquier', '2021-04-12 13:54:16');

-- --------------------------------------------------------

--
-- Structure de la table `tbl_info`
--

CREATE TABLE `tbl_info` (
  `idinfo` int(11) NOT NULL,
  `nom_site` varchar(300) DEFAULT NULL,
  `icone` varchar(300) DEFAULT NULL,
  `tel1` varchar(300) DEFAULT NULL,
  `tel2` varchar(300) DEFAULT NULL,
  `adresse` text DEFAULT NULL,
  `facebook` varchar(600) DEFAULT NULL,
  `twitter` varchar(600) DEFAULT NULL,
  `linkedin` varchar(600) DEFAULT NULL,
  `email` varchar(300) DEFAULT NULL,
  `termes` text DEFAULT NULL,
  `confidentialite` text DEFAULT NULL,
  `description` text DEFAULT NULL,
  `mission` text DEFAULT NULL,
  `objectif` text DEFAULT NULL,
  `blog` text DEFAULT NULL,
  `created_at` datetime DEFAULT current_timestamp()
) ENGINE=InnoDB DEFAULT CHARSET=latin1;

--
-- Déchargement des données de la table `tbl_info`
--

INSERT INTO `tbl_info` (`idinfo`, `nom_site`, `icone`, `tel1`, `tel2`, `adresse`, `facebook`, `twitter`, `linkedin`, `email`, `termes`, `confidentialite`, `description`, `mission`, `objectif`, `blog`, `created_at`) VALUES
(1, 'hub un jour nouveau', '87422236-15.jpg', '+243817883541', '+243970524665', 'RDC Nord-kivu goma quartier  1 km temoin', 'https://facebook.com/', 'https://twitter.com/', 'https://linkedin.com/', 'info.hub@gmail.com', 'Notre Politique de protection des données personnelles décrit la manière dont #devtech traite les données à caractère personnel des visiteurs et des utilisateurs (ci- après les « Utilisateurs ») lors de leur navigation sur notre site. La Politique de protection des données personnelles fait partie intégrante des Conditions Générales d\'Utilisation du Site.\r\n#devtech accorde en permanence une attention aux données de nos Utilisateurs. Nous pouvons ainsi être amenés à modifier, compléter ou mettre à jour périodiquement la Politique de protection des données personnelles. Nous pourrons aussi apporter des modifications nécessaires afin de respecter les changements de la législation et règlementation en vigueur. Dans la mesure du possible, nous vous notifierons tout changement important. Nous vous encourageons toutefois à consulter régulièrement la dernière version en vigueur, accessible sur notre Site.\r\n', 'Conditions Générales d\'Utilisation\r\nDéfinitions\r\nLes Parties conviennent et acceptent que les termes suivants utilisés avec une majuscule, au singulier et/ou au pluriel, auront, dans le cadre des présentes Conditions Générales d\'Utilisation, la signification définie ci-après :\r\n•	« Contrat » : désigne les présentes Conditions Générales d\'Utilisation ainsi que la Politique de protection des données personnelles ;\r\n•	« Membre » : désigne indifféremment le Membre Freemium et le Membre Premium ;\r\n•	« Membre Freemium » désigne le membre ayant un compte sur notre Plateforme pour accéder aux fonctionnalités gratuites de notre Plateforme ;\r\n•	« Membre Premium » désigne le membre ayant un compte sur notre Plateforme pour accéder aux services Premium Solo ou Plus ;\r\n•	« Plateforme » : plateforme numérique de type site Web et/ou application mobile permettant l\'accès au Service ainsi que son utilisation ;\r\n•	« Utilisateur » : désigne toute personne qui utilise la Plateforme, qu\'elle soit un Visiteur ou un Membre ;\r\n•	« Visiteur » : désigne toute personne, internaute, naviguant sur la Plateforme sans création de compte associé.\r\nLes présentes Conditions Générales d\'Utilisation (ci-après les \"CGU\") régissent nos rapports avec vous, personne accédant à la Plateforme, applicables durant votre utilisation de la Plateforme et, si vous êtes un Membre jusqu\'à désactivation de votre compte. Si vous n\'êtes pas d\'accord avec les termes des CGU il vous est vivement recommandé de ne pas utiliser notre Plateforme et nos services.\r\nEn naviguant sur la Plateforme, si vous êtes un Visiteur, vous reconnaissez avoir pris connaissance et accepté l\'intégralité des présentes CGU et notre Politique de protection des données personnelles.\r\nEn créant un compte en cliquant sur le bouton « S\'inscrire avec Facebook » ou « Inscription avec un email » ou « S\'inscrire avec Google » pour devenir Membre, vous êtes invité à lire et accepter les présentes CGU et la Politique de protection des données personnelles, en cochant la case prévue à cet effet.\r\nNous vous encourageons à consulter les « Conditions Générales d\'Utilisation et la Politique de protection des données personnelles » avant votre première utilisation de notre Plateforme et régulièrement lors de leurs mises à jour. Nous pouvons en effet être amenés à modifier les présentes CGU. Si des modifications sont apportées, nous vous informerons par email ou via notre Plateforme pour vous permettre d\'examiner les modifications avant qu\'elles ne prennent effet. Si vous continuez à utiliser notre Plateforme après la publication ou l\'envoi d\'un avis concernant les modifications apportées aux présentes conditions, cela signifie que vous acceptez les mises à jour. Les CGU qui vous seront opposables seront celles en vigueur lors de votre utilisation de la Plateforme.\r\nArticle 1. Inscription au service\r\n1.1 Conditions d\'inscription à la Plateforme\r\nCertaines fonctionnalités de la Plateforme nécessitent d\'être inscrit et d\'obtenir un compte. Avant de pouvoir vous inscrire sur la Plateforme vous devez avoir lu et accepté les présentes CGU et la Politique de protection des données personnelles.\r\nVous déclarez avoir la capacité d\'accepter les présentes conditions générales d\'utilisation, c\'est-à-dire avoir plus de 16 ans et ne pas faire l\'objet d\'une mesure de protection juridique des majeurs (mise sous sauvegarde de justice, sous tutelle ou sous curatelle).\r\nAvant d\'accéder à notre Plateforme, le consentement des mineurs de moins de 16 ans doit être donné par le titulaire de l\'autorité parentale.\r\nNotre Plateforme ne prévoit aucunement l\'inscription, la collecte ou le stockage de renseignement relatifs à toute personne âgée de 15 ans ou moins.\r\n1.2 Création de compte\r\nVous pourrez créer un compte des deux manières suivantes :\r\n•	Soit remplir manuellement, sur notre Plateforme, les champs obligatoires figurant sur le formulaire d\'inscription, à l\'aide d\'informations complètes et exactes. ', 'Développeurs des technologies(#devtech) est une startup qui vise à promouvoir l\'intégrité de la jeunesse en appliquant la technologie afin de permettre  l\'émergence  de la société.', 'la startup devetech vise à apporter des solutions efficaces grâce à la nouvelle  technologie pour palier contre les différents  problèmes que rencontre la société  suite au manquement d\'une meilleure technologie adaptée à leur besoin.', 'Réduire le taux des difficultés que rencontre  la société suite au manquement d\'une  meilleure solution technologique appropriée à leur problématique au pourcentage le plus bas possible jamais atteint!', 'Devetech est une  startup qui vise à promouvoir  l\'intégrité des jeunes en appliquant la technologie  pour permettre l\'avancement de la société.\r\nNotre contribution dans la société est le faite de voir comment la jeunesse progresse  mieux  en contribuant  aux différents aspects qui aident la société  à s\'en sortir dans le Cao.\r\nLa technologie dont nous parlons fera en sorte de contribuer  à l\'émergence de toute la jeunesse et la société en particulier.\r\nNous devons considérer la technologie actuelle comme une arme  efficace pour changer le monde.\r\n \r\n', '2021-05-27 19:52:16');

-- --------------------------------------------------------

--
-- Structure de la table `users`
--

CREATE TABLE `users` (
  `id` int(11) NOT NULL,
  `first_name` varchar(300) DEFAULT NULL,
  `last_name` varchar(300) DEFAULT NULL,
  `email` varchar(300) DEFAULT NULL,
  `image` varchar(300) DEFAULT NULL,
  `telephone` varchar(300) DEFAULT NULL,
  `full_adresse` text DEFAULT NULL,
  `biographie` text DEFAULT NULL,
  `date_nais` date DEFAULT NULL,
  `passwords` varchar(300) DEFAULT NULL,
  `idrole` int(11) NOT NULL,
  `sexe` varchar(30) DEFAULT NULL,
  `facebook` varchar(900) DEFAULT NULL,
  `linkedin` varchar(900) DEFAULT NULL,
  `twitter` varchar(900) DEFAULT NULL,
  `idposte` int(11) DEFAULT 1
) ENGINE=InnoDB DEFAULT CHARSET=latin1;

--
-- Déchargement des données de la table `users`
--

INSERT INTO `users` (`id`, `first_name`, `last_name`, `email`, `image`, `telephone`, `full_adresse`, `biographie`, `date_nais`, `passwords`, `idrole`, `sexe`, `facebook`, `linkedin`, `twitter`, `idposte`) VALUES
(7, 'sumaili shabani', 'roger patrona', 'sumailiroger681@gmail.com', '296605379-1.jpg', '+243817883541', 'tmk goma avenue mushanganya n°59', 'Développeur et entrepreneur en temps plein!                                                      ', '1998-08-12', 'e10adc3949ba59abbe56e057f20f883e', 1, 'M', 'https://www.facebook.com/patronat.shabanisumaili.9/', 'https://www.linkedin.com/in/sumaili-shabani-roger-patr%C3%B4na-7426a71a1/', 'https://twitter.com/RogerPatrona', 1),
(8, 'wilson vulembere', 'Antoine', 'admin@gmail.com', '90587906-willson vulembere.jpg', NULL, 'Quartier office 2', 'développeur de logiciels', '1995-05-26', 'e10adc3949ba59abbe56e057f20f883e', 1, 'F', 'https://facebook.com/', 'https://linkedin.com/', 'https://twitter.com/', 1),
(9, 'cubaka mulume', 'alpha', 'alpha@gmail.com', '912079660-images(166).jpg', '0998765432', 'Tmk goma', 'Developpeur fullstack', '1000-09-19', 'e10adc3949ba59abbe56e057f20f883e', 2, 'M', 'https://facebook.com/', 'https://linkedin.com/', 'https://twitter.com/', 1),
(11, 'strong abdiel', 'strong', 'strong@gmail.com', '1809398630-boss (2).JPG', '0998765432', 'Office 2', 'Brigadier valant', '1997-05-26', 'e10adc3949ba59abbe56e057f20f883e', 2, 'M', 'https://www.facebook.com/patronat.shabanisumaili.9/', 'https://linkedin.com/', 'https://twitter.com/', 1),
(12, 'kasumba kipundula', 'bertin', 'kasumba@gmail.com', '631615564-bertin.JPG', '+243810409151', 'Quartier birere', NULL, '1999-04-13', 'e10adc3949ba59abbe56e057f20f883e', 2, 'M', 'https://facebook.com/', 'https://linkedin.com/', 'https://twitter.com/', 1),
(13, 'mikah kalume', 'sefu', 'mikah@gmail.com', 'icone-user.png', '+243810409151', 'quartier katoyi avenue konde', 'développeur web', '2021-04-13', 'e10adc3949ba59abbe56e057f20f883e', 2, 'M', '', '', '', 1),
(14, 'dembo apoline', 'pataule', 'apoline345@gmail.com', '664386311-FB_IMG_15988046789962819.jpg', '+243970963642', 'Goma quartier office', 'développeur freelance', '1999-12-12', 'e10adc3949ba59abbe56e057f20f883e', 2, 'F', 'https://facebook.com/', 'https://linkedin.com/', 'https://twitter.com/', 1),
(15, 'joel tshongo', 'jt', 'joel@gmail.com', 'icone-user.png', '+243810409151', 'Goma quartier katoyi', 'développeur freelance', '1999-12-12', 'e10adc3949ba59abbe56e057f20f883e', 2, 'M', 'https://facebook.com/', 'https://linkedin.com/', 'https://twitter.com/', 1),
(16, 'yuma kayanda', 'françois', 'yuma@gmail.com', '1556180186-boss.JPG', '+243990084881', 'quartier katoyi Avenue konde', 'Lovely god', '1995-01-09', 'e10adc3949ba59abbe56e057f20f883e', 2, 'M', 'https://facebook.com/', 'https://linkedin.com/', 'https://twitter.com/', 1);

-- --------------------------------------------------------

--
-- Structure de la vue `profile_paiement`
--
DROP TABLE IF EXISTS `profile_paiement`;

CREATE ALGORITHM=UNDEFINED DEFINER=`root`@`localhost` SQL SECURITY DEFINER VIEW `profile_paiement`  AS SELECT `paiement`.`idp` AS `idp`, `paiement`.`idpersonne` AS `idpersonne`, `paiement`.`date_paie` AS `date_paie`, `paiement`.`montant` AS `montant`, `paiement`.`motif` AS `motif`, `paiement`.`token` AS `token`, `paiement`.`created_at` AS `created_at`, `paiement`.`codeFacture` AS `codeFacture`, `paiement`.`etat_paiement` AS `etat_paiement`, `users`.`first_name` AS `first_name`, `users`.`last_name` AS `last_name`, `users`.`email` AS `email`, `users`.`telephone` AS `telephone`, `users`.`image` AS `image`, `users`.`id` AS `id` FROM (`paiement` join `users` on(`paiement`.`idpersonne` = `users`.`id`)) ;

--
-- Index pour les tables déchargées
--

--
-- Index pour la table `notification`
--
ALTER TABLE `notification`
  ADD PRIMARY KEY (`id`),
  ADD KEY `id_user` (`id_user`);

--
-- Index pour la table `online`
--
ALTER TABLE `online`
  ADD PRIMARY KEY (`id`),
  ADD KEY `id_user` (`id_user`);

--
-- Index pour la table `paiement`
--
ALTER TABLE `paiement`
  ADD PRIMARY KEY (`idp`),
  ADD KEY `idpersonne` (`idpersonne`);

--
-- Index pour la table `role`
--
ALTER TABLE `role`
  ADD PRIMARY KEY (`idrole`);

--
-- Index pour la table `tbl_info`
--
ALTER TABLE `tbl_info`
  ADD PRIMARY KEY (`idinfo`);

--
-- Index pour la table `users`
--
ALTER TABLE `users`
  ADD PRIMARY KEY (`id`),
  ADD KEY `idrole` (`idrole`);

--
-- AUTO_INCREMENT pour les tables déchargées
--

--
-- AUTO_INCREMENT pour la table `notification`
--
ALTER TABLE `notification`
  MODIFY `id` int(11) NOT NULL AUTO_INCREMENT, AUTO_INCREMENT=33;

--
-- AUTO_INCREMENT pour la table `online`
--
ALTER TABLE `online`
  MODIFY `id` int(11) NOT NULL AUTO_INCREMENT, AUTO_INCREMENT=8;

--
-- AUTO_INCREMENT pour la table `paiement`
--
ALTER TABLE `paiement`
  MODIFY `idp` int(11) NOT NULL AUTO_INCREMENT, AUTO_INCREMENT=3;

--
-- AUTO_INCREMENT pour la table `role`
--
ALTER TABLE `role`
  MODIFY `idrole` int(11) NOT NULL AUTO_INCREMENT, AUTO_INCREMENT=5;

--
-- AUTO_INCREMENT pour la table `tbl_info`
--
ALTER TABLE `tbl_info`
  MODIFY `idinfo` int(11) NOT NULL AUTO_INCREMENT, AUTO_INCREMENT=3;

--
-- AUTO_INCREMENT pour la table `users`
--
ALTER TABLE `users`
  MODIFY `id` int(11) NOT NULL AUTO_INCREMENT, AUTO_INCREMENT=18;

--
-- Contraintes pour les tables déchargées
--

--
-- Contraintes pour la table `notification`
--
ALTER TABLE `notification`
  ADD CONSTRAINT `notification_ibfk_1` FOREIGN KEY (`id_user`) REFERENCES `users` (`id`) ON DELETE CASCADE;

--
-- Contraintes pour la table `online`
--
ALTER TABLE `online`
  ADD CONSTRAINT `online_ibfk_1` FOREIGN KEY (`id_user`) REFERENCES `users` (`id`) ON DELETE CASCADE;

--
-- Contraintes pour la table `paiement`
--
ALTER TABLE `paiement`
  ADD CONSTRAINT `paiement_ibfk_1` FOREIGN KEY (`idpersonne`) REFERENCES `users` (`id`) ON DELETE CASCADE;

--
-- Contraintes pour la table `users`
--
ALTER TABLE `users`
  ADD CONSTRAINT `users_ibfk_1` FOREIGN KEY (`idrole`) REFERENCES `role` (`idrole`) ON DELETE CASCADE;
COMMIT;

/*!40101 SET CHARACTER_SET_CLIENT=@OLD_CHARACTER_SET_CLIENT */;
/*!40101 SET CHARACTER_SET_RESULTS=@OLD_CHARACTER_SET_RESULTS */;
/*!40101 SET COLLATION_CONNECTION=@OLD_COLLATION_CONNECTION */;
